"ImmunizationGuid","PatientGuid","VaccineName","AdministeredYear","CvxCode","UserGuid"
"4B4CB6A5-3104-437E-824F-018C47331650","49788582-072C-4C8F-9098-4654D7C728B6","Hepatitis B vaccine, pediatric/adolescent dosage (3 dose schedule), for intramuscular use",2008,"8","546CEBD4-9D3E-4B13-BA3B-4E0A558414C8"
"7E150241-E7F3-4A1C-8015-061455B9169A","6B995891-AEB1-46A7-B4F1-7C27B119DA48","Hepatitis B vaccine, pediatric/adolescent dosage (3 dose schedule), for intramuscular use",2008,"8","546CEBD4-9D3E-4B13-BA3B-4E0A558414C8"
"3738DBD5-8507-4395-BBB4-22C957516780","7FAD2C82-95D3-4903-9FBB-98FABEC00B13","Hepatitis B vaccine, adolescent (2 dose schedule), for intramuscular use",2008,"43","F5A682D4-9C5B-4419-B7C7-EBFFB6590D78"
"D21C91AE-7B6E-43D5-B06B-2821BD177CCD","9B4C4F35-4D7A-4B0E-AF00-230791A42A74","Hepatitis B vaccine, pediatric/adolescent dosage (3 dose schedule), for intramuscular use",2008,"8","546CEBD4-9D3E-4B13-BA3B-4E0A558414C8"
"D5B72798-CDE0-4C93-998E-64750DB409F0","74184CD9-9717-4954-865A-01F0559A7E46","Hepatitis B vaccine, pediatric/adolescent dosage (3 dose schedule), for intramuscular use",2008,"8","546CEBD4-9D3E-4B13-BA3B-4E0A558414C8"
"FECE0BB9-9573-4A6D-A7E2-928EE38133FE","C0AD1E2F-6F08-4723-9589-C6FE64753BD7","Hepatitis B vaccine, adolescent (2 dose schedule), for intramuscular use",2008,"43","546CEBD4-9D3E-4B13-BA3B-4E0A558414C8"
"0A7E293F-DCA4-42F4-AEE3-960BAF9BC8C1","B0E56107-E429-41BA-925D-D5CABC17DD58","Hepatitis A vaccine, pediatric/adolescent dosage-3 dose schedule, for intramuscular use",2011,"84","3ACF21B1-8025-4ACD-AC4B-1351D7D1FA1D"
"71E7C9A7-F850-4E21-9B2C-9D51894B442D","AE2A0F7A-0572-4CED-BB3A-7A86F8FFAF05","Hepatitis B vaccine, pediatric/adolescent dosage (3 dose schedule), for intramuscular use",2008,"8","546CEBD4-9D3E-4B13-BA3B-4E0A558414C8"
